{
  "args": {
    "dataset": "CMDC",
    "max_seq_length": 400,
    "num_text_lines": 12,
    "train_batch_size": 4,
    "dev_batch_size": 4,
    "valid_batch_size": 4,
    "n_epochs": 60,
    "beta_shift": 1.0,
    "dropout_prob": 0.3,
    "model": "bert-base-uncased",
    "learning_rate": 5e-05,
    "gradient_accumulation_step": 1,
    "warmup_proportion": 0.1,
    "seed": 0
  },
  ],
  "average_results": {
    "best_mae": 2.5853783867259823,
    "best_acc": 0.9616666666666667,
    "best_acc_7": 0.7825,
    "best_triclass_accuracy": 0.8333333333333333,
    "best_f_score": 0.9564213564213564,
    "best_corr": 0.8761798723234552,
    "best_multiclass_f1": 0.5046365914786967,
    "best_triclass_f1": 0.7282372598162071
  }
}

